Pegel,Gewässer,Latitude,Longitude
CELLE,ALLER,52.622706,10.062164
MARKLENDORF,ALLER,52.682757,9.703456
AHLDEN,ALLER,52.762431,9.570881
RETHEM,ALLER,52.789098,9.382841
EITZE,ALLER,52.904065,9.276769
DORDRECHT,ALTE_MAAS,,
BERLIN-PLÖTZENSEE OP,BSK,52.5437,13.323142
BERLIN-PLÖTZENSEE UP,BSK,52.543036,13.323859
KONSTANZ,BODENSEE,47.66075,9.181039
ABBENFLETH SPERRWERK,BSE,53.668963,9.494307
BERLIN-SCHMÖCKWITZ,DAW,52.374398,13.653581
NEUE MÜHLE SCHLEUSE UP,DAW,52.297475,13.649641
NEUE MÜHLE SCHLEUSE OP,DAW,52.296816,13.651758
WALTROP,DHK,51.639741,7.380201
HAMM UW,DHK,51.684812,7.815789
HAMM OW,DHK,51.693782,7.842759
WERRIES OW,DHK,51.695153,7.870046
HELMINGHAUSEN,DIEMEL,51.381475,8.73078
DIEMELTALSPERRE,DIEMEL,51.377695,8.728648
WILHELMSBRÜCKE,DIEMEL,51.346315,8.723953
THEBNERSTRASSL,DONAU,,
WILDUNGSMAUER,DONAU,,
KORNEUBURG,DONAU,,
DÜRNSTEIN,DONAU,,
KIENSTOCK,DONAU,,
GREIN,DONAU,,
MAUTHAUSEN,DONAU,,
WILHERING,DONAU,,
ERLAU,DONAU,48.567382,13.586813
ACHLEITEN,DONAU,48.582047,13.503185
PASSAU ILZSTADT,DONAU,48.575198,13.478017
PASSAU LUITPOLDBRÜCKE DFH,DONAU,48.575835,13.472833
PASSAU DONAU,DONAU,48.576133,13.459076
KACHLET SCHLEUSE UP,DONAU,48.578228,13.41269
PASSAU STEINBACHBRÜCKE DFH,DONAU,48.57567,13.475462
KACHLET WEHR UP,DONAU,,
VILSHOFEN,DONAU,48.637297,13.182429
HOFKIRCHEN,DONAU,48.676675,13.115154
DEGGENDORF,DONAU,48.824944,12.96235
PFELLING,DONAU,48.879766,12.747217
PFATTER,DONAU,48.980436,12.383772
SCHWABELWEIS,DONAU,49.023583,12.138693
REGENSBURG EISERNE BRÜCKE,DONAU,49.021359,12.101827
OBERNDORF,DONAU,48.946969,12.014893
KELHEIMWINZER,DONAU,48.911858,11.93206
KELHEIM DONAU,DONAU,48.916603,11.864627
INGOLSTADT LUITPOLDSTRASSE,DONAU,48.757414,11.426054
HENRICHENBURG OW,DEK,51.616047,7.339002
HENRICHENBURG UW,DEK,51.621118,7.329425
LÜDINGHAUSEN,DEK,51.798113,7.401947
MÜNSTER OW,DEK,51.968942,7.664374
MÜNSTER UW,DEK,51.987125,7.660129
BERGESHÖVEDE,DEK,52.275853,7.604958
HASEHUBBRÜCKE,DEK,52.694191,7.292912
VERSEN TRENNSPITZE,DEK,52.731187,7.260856
HERBRUM HAFENDAMM,DEK,53.041915,7.317135
RHEDE,DEK,53.072418,7.286979
GW-PWDRFP 02,DYHRMOOR,53.957237,9.262889
GW-PWDRFP 01,DYHRMOOR,53.959406,9.260387
GW-PWDRFP 08,DYHRMOOR,53.962119,9.265026
GW-PWDRFP 03,DYHRMOOR,53.960813,9.268645
GW-PWDRFP 09,DYHRMOOR,53.964196,9.267517
GW-PWDRFP 04,DYHRMOOR,53.962782,9.2768
GW-PWDRFP 06,DYHRMOOR,53.968641,9.272183
GW-PWDRFP 05,DYHRMOOR,53.967944,9.275974
GW-PWDRFP 07,DYHRMOOR,53.973118,9.275959
AFFOLDERN,EDER,51.164141,9.084726
EDERTALSPERRE,EDER,51.18404,9.058928
SCHMITTLOTHEIM,EDER,51.155726,8.897958
LEXFÄHRE OBERWASSER,EIDER,54.222472,9.436143
LEXFÄHRE UNTERWASSER,EIDER,54.223219,9.435676
NORDFELD OBERWASSER,EIDER,54.338733,9.139643
NORDFELD UNTERWASSER,EIDER,54.339462,9.138247
FRIEDRICHSTADT STRASSENBRÜCKE,EIDER,54.368469,9.094603
TÖNNING,EIDER,54.314683,8.950149
EIDER-SPERRWERK BP,EIDER,54.265866,8.849594
PRELOUC,ELBE,,
WITTENBERGGÜTE,ELBE,,
SCHÖNA,ELBE,50.875762,14.235229
PIRNA,ELBE,50.964585,13.929755
DRESDEN,ELBE,51.05446,13.738832
MEISSEN,ELBE,51.164406,13.475468
RIESA,ELBE,51.311482,13.293341
MÜHLBERG,ELBE,51.43735,13.191762
TORGAU,ELBE,51.553685,13.010131
PRETZSCH-MAUKEN,ELBE,51.716993,12.823297
ELSTER,ELBE,51.826851,12.827257
WITTENBERG,ELBE,51.856529,12.646311
COSWIG,ELBE,51.876941,12.454012
VOCKERODE,ELBE,51.851333,12.355387
ROSSLAU,ELBE,51.881407,12.236541
DESSAU,ELBE,51.856888,12.223277
AKEN,ELBE,51.857867,12.058859
BARBY,ELBE,51.984834,11.882246
SCHÖNEBECK,ELBE,52.024534,11.738802
MAGDEBURG-BUCKAU,ELBE,52.119271,11.634986
MAGDEBURG-STROMBRÜCKE,ELBE,52.129698,11.644334
ROTHENSEE,ELBE,52.180953,11.682653
NIEGRIPP AP,ELBE,52.249748,11.737554
ROGÄTZ,ELBE,52.313845,11.768834
TANGERMÜNDE,ELBE,52.541306,11.978056
STORKAU,ELBE,52.610405,12.002483
SANDAU,ELBE,52.78477,12.031305
SCHARLEUK,ELBE,52.956969,11.837558
WITTENBERGE,ELBE,52.985529,11.759443
MÜGGENDORF,ELBE,53.007901,11.656213
SCHNACKENBURG,ELBE,53.038251,11.569162
LENZEN,ELBE,53.079993,11.455946
GORLEBEN,ELBE,53.050282,11.349503
DÖMITZ,ELBE,53.140333,11.242912
DAMNATZ,ELBE,53.137769,11.179445
HITZACKER,ELBE,53.154626,11.045488
NEU DARCHAU,ELBE,53.232258,10.888819
BLECKEDE,ELBE,53.295083,10.735002
BOIZENBURG,ELBE,53.375469,10.717767
HOHNSTORF,ELBE,53.366264,10.558836
ARTLENBURG,ELBE,53.376174,10.489216
GEESTHACHT,ELBE,53.426505,10.374522
WEHR GEESTHACHT UP,ELBE,53.423294,10.334765
ALTENGAMME,ELBE,53.430844,10.29679
ZOLLENSPIEKER,ELBE,53.398709,10.185374
OVER,ELBE,53.428692,10.10112
BUNTHAUS,ELBE,53.461414,10.064018
HAMBURG-HARBURG,ELBE,53.472726,9.991826
SCHÖPFSTELLE,ELBE,53.508392,10.061595
HAMBURG ST. PAULI,ELBE,53.545442,9.969965
SEEMANNSHÖFT,ELBE,53.540164,9.880859
CRANZ,ELBE,53.535944,9.791537
BLANKENESE UF,ELBE,53.555577,9.807108
SCHULAU,ELBE,53.567911,9.702887
HAHNÖFER SAND WEST SIEL,ELBE,53.548238,9.69049
LÜHORT,ELBE,53.571575,9.633362
HETLINGEN,ELBE,53.609411,9.584318
TWIELENFLETH SIEL,ELBE,53.598754,9.567137
STADERSAND,ELBE,53.629729,9.526602
PINNAU-SPERRWERK AP,ELBE,53.671389,9.558228
GRAUERORT REEDE,ELBE,53.67915,9.494796
KRÜCKAU-SPERRWERK AP,ELBE,53.716141,9.526337
KOLLMAR,ELBE,53.731123,9.459762
KRAUTSAND REEDE,ELBE,53.754705,9.391187
GLÜCKSTADT,ELBE,53.784361,9.40943
STÖR-SPERRWERK AP,ELBE,53.825946,9.400981
BROKDORF,ELBE,53.862704,9.31603
SCHÖNEWORTH SIEL,ELBE,53.846897,9.288201
BRUNSBÜTTEL MPM,ELBE,53.887807,9.148745
OSTERIFF MPM,ELBE,53.856369,9.031629
OTTERNDORF MPM,ELBE,53.83537,8.870724
CUXHAVEN STEUBENHÖFT,ELBE,53.867686,8.717425
DETERSHAGEN,EHK,52.251374,11.762555
BURG,EHK,52.276738,11.832027
ZERBEN OP,EHK,52.339613,11.957395
ZERBEN UP,EHK,52.35068,11.969785
GENTHIN,EHK,52.410857,12.140022
Schlagenthiner Stremme,EHK,,
Roßdorf,EHK,,
KADE,EHK,52.397049,12.279351
WUSTERWITZ OP,EHK,52.394272,12.356119
WUSTERWITZ UP,EHK,52.392835,12.370474
BÜSSAU UP,ELK,53.817549,10.625385
DONNERSCHLEUSE OP,ELK,53.672032,10.636902
MÖLLN,ELK,53.624454,10.6748
OSLOSS,ESK,52.477671,10.66792
WITTINGEN,ESK,52.727727,10.664477
UELZEN OW,ESK,52.909337,10.61472
UELZEN,ESK,52.911932,10.613515
UELZEN UW,ESK,52.914527,10.612311
BEVENSEN,ESK,53.074797,10.603346
LÜNEBURG OW,ESK,53.272488,10.485459
LÜNEBURG,ESK,53.282959,10.486988
LÜNEBURG UW,ESK,53.293428,10.488563
ARTLENBURG-ESK,ESK,53.368564,10.501987
VERSEN WEHR OP,EMS,52.731304,7.247822
PAPENBURG,EMS,53.108191,7.365595
WEENER,EMS,53.161188,7.371913
LEERORT,EMS,53.215335,7.426191
TERBORG,EMS,53.292704,7.396102
POGUM,EMS,53.321351,7.259801
EMDEN NEUE SEESCHLEUSE,EMS,53.336781,7.186348
KNOCK,EMS,53.327173,7.030674
DUKEGAT,EMS,53.433602,6.926207
EMSHÖRN,EMS,53.493517,6.841204
Wachendorf,EMS,52.545655,7.269524
FUESTRUP,EMS,52.040267,7.680241
RHEINE UNTERSCHLEUSE,EMS,52.288026,7.434078
LINGEN-DARME,EMS,52.496589,7.288342
DALUM,EMS,52.595603,7.24853
Rühle,EMS,52.67002,7.255831
VERSEN WEHRDURCHSTICH,EMS,52.732983,7.241939
BUXTEHUDE,ESTE,53.48045,9.703369
ESTE INNERES SPERRWERK BP,ESTE,53.532827,9.776502
ESTE INNERES SPERRWERK AP,ESTE,53.533025,9.776752
RUHLSDORF OP,FiK,52.839183,13.566246
LEESENBRÜCK OP,FiK,52.837699,13.593943
GRAFENBRÜCK OP,FiK,52.842043,13.625712
EBERSWALDE OP,FiK,52.83583,13.82093
RAGÖSE OP,FiK,52.849296,13.85628
STECHER OP,FiK,52.840033,13.902174
LIEPE OP,FiK,52.848971,13.953465
LIEPE UP,FiK,52.84947,13.954023
FREIBURG SPERRWERK,Freiburger Hafenpriel,53.826926,9.295079
BONAFORTH,FULDA,51.403492,9.632042
GUNTERSHAUSEN,FULDA,51.22658,9.469333
GREBENAU,FULDA,51.193131,9.498194
ROTENBURG,FULDA,51.003768,9.72045
RITTERHUDE,HAMME,53.181928,8.763345
BERLIN-SPANDAU UP,HOW,52.540064,13.209346
BERLIN-SPANDAU OP,HOW,52.541856,13.209042
BORGSDORF,HOW,52.700485,13.251248
LEHNITZ UP,HOW,52.767405,13.280309
LEHNITZ OP,HOW,52.767557,13.280417
NIEDERFINOW SHW OP,HOW,52.850069,13.936478
NIEDERFINOW SHW UP,HOW,52.849042,13.944326
HOHENSAATEN WEST BP,HOW,52.874259,14.149328
HOHENSAATEN WEST AP,HOW,52.876694,14.151791
SCHWEDT SCHLEUSE BP,HOW,53.068883,14.321855
FRIEDRICHSTHAL,HOW,53.15589,14.357229
SCHÖNWALDE OP,HvK,52.607862,13.088864
SCHÖNWALDE UP,HvK,52.607726,13.084078
OLDENBURG-DRIELAKE,HUNTE,53.140229,8.234081
REITHÖRNE,HUNTE,53.161207,8.322516
HOLLERSIEL,HUNTE,53.168144,8.378497
BUTTELERHÖRNE,HUNTE,53.179899,8.41261
HUNTEBRÜCK,HUNTE,53.200283,8.447393
ELSFLETH OHRT,HUNTE,53.221223,8.459939
IJSSELKOP,IJSSEL,,
ILMENAU,ILM,50.680942,10.928843
LÜNE,ILMENAU,53.261043,10.41986
BARDOWICK OP,ILMENAU,53.291097,10.401114
BARDOWICK UP,ILMENAU,53.291656,10.401067
WITTORF OP,ILMENAU,53.341594,10.383548
WITTORF UP,ILMENAU,53.342126,10.383558
FAHRENHOLZ OP,ILMENAU,53.36028,10.316377
FAHRENHOLZ UP,ILMENAU,53.360317,10.315493
ILMENAU SPERRWERK AP,ILMENAU,53.393888,10.178546
KOTTHAUSEN,ITTER_DIEMEL,51.363558,8.682786
HERZHAUSEN,ITTER EDER,51.193032,8.888815
WHV ALTER VORHAFEN,JADE,53.514496,8.145134
WHV NEUER VORHAFEN,JADE,53.530306,8.160729
JADE-WESER-PORT,JADE,53.602044,8.149052
HOOKSIELPLATE,JADE,53.669165,8.14859
SCHILLIG,JADE,53.699004,8.047073
MELLUMPLATE,JADE,53.771714,8.092507
WANGEROOGE OST,JADE,53.767078,7.984916
WANGEROOGE NORD,JADE,53.806299,7.9292
WANGEROOGE WEST,JADE,53.776238,7.867938
PREDMERICE,Jizera,,
WOLGAST,OSPH,54.041737,13.77038
KARNIN,OSPH,53.843665,13.858494
KARLSHAGEN,OSPH,54.10786,13.807622
UECKERMÜNDE,OSPH,53.75031,14.066478
ELMSHORN HAFEN,KRÜCKAU,53.752182,9.653894
KRÜCKAU-SPERRWERK BP,KRÜCKAU,53.716258,9.526956
HUNDSMÜHLEN,KÜSTENKANAL,53.108847,8.17307
Hilkenbrook,KÜSTENKANAL,53.018948,7.699277
Marburg,LAHN,50.798719,8.764489
Giessen Klärwerk,LAHN,50.575038,8.648602
Niederbiel Schleuse Kanal OP,LAHN,50.5471,8.425671
Leun neu,LAHN,50.54512,8.35523
Fürfurt Schleuse UP,LAHN,50.426976,8.251936
Runkel Schleuse UP,LAHN,50.405275,8.15857
Limburg Schleuse UP,LAHN,50.391513,8.065189
Diez Schleuse OP,LAHN,50.376206,8.002428
Diez Schleuse UP,LAHN,50.375812,8.00259
Diez Hafen,LAHN,50.372388,8.005067
Cramberg Schleuse OP,LAHN,50.342655,7.955811
Cramberg Schleuse UP,LAHN,50.34282,7.955217
Scheidt Schleuse OP,LAHN,50.337613,7.929587
Scheidt Schleuse UP,LAHN,50.337311,7.929973
Kalkofen Schleuse OP,LAHN,50.314072,7.89635
Kalkofen neu,LAHN,50.317832,7.889816
Hollerich Schleuse OP,LAHN,50.30472,7.833037
Hollerich Schleuse UP,LAHN,50.304568,7.833097
Nassau Schleuse OP,LAHN,50.317103,7.788009
Nassau Schleuse UP,LAHN,,
Dausenau Schleuse OP,LAHN,50.321436,7.743761
Dausenau Schleuse UP,LAHN,50.321143,7.743333
Bad Ems Wehr OP,LAHN,50.331878,7.710901
Bad Ems Schleuse UP,LAHN,50.335097,7.696354
Lahnstein Schleuse OP,LAHN,50.307894,7.6165
Lahnstein Schleuse UP,LAHN,50.308032,7.612957
BERLIN-UNTERSCHLEUSE UP,LWK,52.511608,13.335037
BERLIN-UNTERSCHLEUSE OP,LWK,52.511402,13.336519
BERLIN-OBERSCHLEUSE UP,LWK,52.497408,13.448833
BERLIN-OBERSCHLEUSE OP,LWK,52.498278,13.44973
DREYSCHLOOT,LEDA,53.177994,7.66914
LEDASPERRWERK UP,LEDA,53.213549,7.473236
HERRENHAUSEN,LEINE,52.388068,9.676062
NEUSTADT,LEINE,52.509593,9.466717
SCHWARMSTEDT,LEINE,52.683401,9.60402
KRIMPEN,LEK,,
WASSERHORST,LESUM,53.162825,8.718208
HIMMELPFORT UP,LyG,53.177173,13.229972
HIMMELPFORT OP,LyG,53.177454,13.230635
HORNEBURG,LÜHE,53.512274,9.591135
LÜHORT LFK,LÜHE,53.571375,9.633672
RAUNHEIM,MAIN,50.016157,8.448287
FRANKFURT OSTHAFEN,MAIN,50.105737,8.714995
HANAU BRÜCKE DFH,MAIN,50.12018,8.91758
AUHEIM BRÜCKE DFH,MAIN,50.10704,8.936363
KROTZENBURG,MAIN,50.079717,8.953596
MAINFLINGEN,MAIN,50.015365,9.033733
KLEINOSTHEIM_WUK,MAIN,50.008238,9.040709
OBERNAU,MAIN,49.9338,9.129075
KLEINHEUBACH,MAIN,49.716138,9.225244
FAULBACH,MAIN,49.784985,9.438827
WERTHEIM,MAIN,49.760945,9.518304
STEINBACH,MAIN,50.01105,9.602081
WÜRZBURG,MAIN,49.796209,9.925969
ASTHEIM,MAIN,49.85841,10.217656
SCHWEINFURT NEUER HAFEN,MAIN,50.030983,10.221858
TRUNSTADT,MAIN,49.929696,10.755205
BAMBERG,MDK,49.882051,10.906537
RIEDENBURG_UP,MDK,48.97338,11.68517
LIEBENWALDE UP,MZK,52.85031,13.396051
LIEBENWALDE OP,MZK,52.850955,13.396074
HÖRSTEL,MLK,52.283132,7.605447
RECKE,MLK,52.354328,7.706274
BRAMSCHE,MLK,52.396167,7.978173
BROXTEN,MLK,52.390667,8.190183
BAD ESSEN,MLK,52.324541,8.34252
LÜBBECKE,MLK,52.334961,8.617141
HAHLEN,MLK,52.297311,8.868901
MINDEN,MLK,52.303076,8.926898
WESER,MLK,52.303606,8.932229
BERENBUSCH,MLK,52.294948,8.99063
WARBER GRABEN,MLK,52.311117,9.053354
RUSBEND,MLK,52.313245,9.05827
NIENBRÜGGE,MLK,52.379196,9.228532
RODENBERGER AUE-WEST,MLK,52.387586,9.315913
RODENBERGER AUE-OST,MLK,52.388203,9.328651
LOHNDE,MLK,52.399312,9.564151
HANN. LIST,MLK,52.405962,9.745766
ANDERTEN UW,MLK,52.366715,9.858777
ANDERTEN,MLK,52.35833,9.866583
ANDERTEN OW,MLK,52.354677,9.869744
SEHNDE,MLK,52.306049,9.962091
MEHRUM,MLK,52.310747,10.093324
THUNE,MLK,52.335237,10.517134
SÜLFELD OW,MLK,52.41683,10.647378
SÜLFELD,MLK,52.421071,10.661979
SÜLFELD UW,MLK,52.425073,10.678298
VORSFELDE,MLK,52.432888,10.840641
RÜHEN,MLK,52.478821,10.909579
VELSDORF,MLK,52.409164,11.27265
HALDENSLEBEN,MLK,52.277922,11.408772
KANALBRÜCKE,MLK,52.229689,11.689097
Koblenz-Lützel DFH,MOSEL,50.364912,7.590794
Koblenz UP,MOSEL,50.366832,7.583152
Koblenz OP,MOSEL,50.367912,7.58074
Lehmen UP,MOSEL,50.278471,7.457696
Lehmen OP,MOSEL,50.273211,7.457041
Alken,MOSEL,50.250187,7.446099
Müden UP,MOSEL,50.182423,7.33687
Müden OP,MOSEL,50.184151,7.327187
Cochem,MOSEL,50.144515,7.167666
Fankel UP,MOSEL,50.128054,7.227244
Fankel OP,MOSEL,50.121763,7.229433
Sankt Aldegund UP,MOSEL,50.089316,7.133994
Sankt Aldegund OP,MOSEL,50.085996,7.133286
Enkirch UP,MOSEL,49.978067,7.122932
Enkirch OP,MOSEL,49.97808,7.122974
Zeltingen UP,MOSEL,49.95018,7.016038
Zeltingen OP,MOSEL,49.948424,7.027701
Wintrich UP,MOSEL,49.87571,6.94662
Wintrich OP,MOSEL,49.881801,6.955301
Detzem UP,MOSEL,49.824109,6.841297
Detzem OP,MOSEL,49.807019,6.852174
Mehring AMS,MOSEL,,
Ruwer,MOSEL,49.783052,6.704234
Trier UP,MOSEL,49.732189,6.626853
Trier OP,MOSEL,,
Grevenmacher UP,MOSEL,49.675048,6.441409
Grevenmacher OP,MOSEL,,
Wincheringen,MOSEL,49.606791,6.404457
Stadtbredimus UP,MOSEL,49.563032,6.372089
Stadtbredimus OP,MOSEL,,
Perl,MOSEL,49.472575,6.369035
GROSSE TRÄNKE WEHR UP,MGS,52.369053,13.996388
GROSSE TRÄNKE WEHR OP,MGS,52.367988,13.996955
DÖMITZ UP,MEW,53.140171,11.259947
DÖMITZ OP,MEW,53.141107,11.260627
NEU KALLISS OP,MEW,53.172045,11.286382
FINDENWIRUNSHIER OP,MEW,53.177667,11.29493
MALLISS UP,MEW,53.190438,11.343929
MALLISS OP,MEW,53.190585,11.345033
ELDENA OP,MEW,53.232037,11.428277
GÜRITZ OP,MEW,53.254537,11.479835
GRABOW OP,MEW,53.283141,11.573414
KLEIN LAASCH WEHR OP,MEW,53.358156,11.59191
NEUSTADT GLEWE OP,MEW,53.38167,11.589385
LEWITZ OP,MEW,53.418394,11.601597
GARWITZ UP,MEW,53.453872,11.701099
MALCHOW WEHR OP,MEW,53.442437,11.765153
PARCHIM GÜTE,MEW,53.425257,11.83457
NEUBURG OP,MEW,53.416021,11.930333
BUROW,MEW,53.390151,11.974942
BOBZIN OP,MEW,53.491904,12.071895
BARKOW OP,MEW,53.469319,12.188887
PLAU UP,MEW,53.456706,12.259904
PLAU OP,MEW,53.456765,12.261042
WAREN,MEW,53.51438,12.674194
Strasen OP,MHW,53.20625,12.996909
Strasen UP,MHW,53.206374,12.997818
Diemitz OP,MHW,53.207797,12.860458
Diemitz UP,MHW,53.207993,12.861331
MIROW UP,MHW,53.271485,12.802766
MIROW OP,MHW,53.272545,12.800241
Mannheim Neckar,NECKAR,49.49435,8.469365
Feudenheim Schleuse UP,NECKAR,,
Ladenburg Wehr UP,NECKAR,,
Schwabenheim Schleuse UP,NECKAR,,
Wieblingen Wehr UP neu,NECKAR,,
Heidelberg UP,NECKAR,49.414688,8.717737
Ziegelhausen AMS,NECKAR,49.416607,8.761896
Neckargemünd Schleuse UP,NECKAR,,
Neckarsteinach Schleuse UP,NECKAR,,
Hirschhorn Schleuse UP,NECKAR,,
Rockenau SKA,NECKAR,49.438255,9.005024
Rockenau Schleuse UP,NECKAR,,
Guttenbach Schleuse UP,NECKAR,,
Neckarzimmern Schleuse UP,NECKAR,,
Hassmersheim AMS,NECKAR,,
Gundelsheim UP,NECKAR,49.281399,9.153622
Kochendorf Schleuse UP,NECKAR,49.22565,9.215439
Neckarsulm Wehr UP,NECKAR,49.189737,9.215457
Heilbronn Schleuse UP,NECKAR,,
Horkheim Schleuse UP,NECKAR,,
Horkheim Wehr UP,NECKAR,49.099646,9.152703
Lauffen Schleuse UP,NECKAR,49.073941,9.160596
Lauffen,NECKAR,49.072331,9.159787
Besigheim Schleuse UP,NECKAR,49.007751,9.154354
Besigheim SKA,NECKAR,49.007332,9.15241
Besigheim Wehr UP,NECKAR,49.004211,9.148117
Hessigheim Schleuse UP,NECKAR,48.993138,9.192174
Pleidelsheim Schleuse UP,NECKAR,48.960569,9.196365
Beihingen Wehr UP,NECKAR,48.943649,9.20962
Marbach Schleuse UP,NECKAR,48.937097,9.250082
Marbach Wehr UP,NECKAR,48.928805,9.23964
Poppenweiler Schleuse UP,NECKAR,48.91082,9.244102
Aldingen Schleuse UP,NECKAR,48.867159,9.261128
Hofen Schleuse UP,NECKAR,48.838965,9.225975
Cannstatt Schleuse UP,NECKAR,48.802089,9.209456
Untertürkheim Schleuse UP,NECKAR,48.778013,9.243163
Obertürkheim Schleuse UP,NECKAR,48.753696,9.26451
Esslingen Schleuse UP,NECKAR,48.732391,9.311061
Esslingen Wehr OP,NECKAR,48.731527,9.313485
Oberesslingen Schleuse UP,NECKAR,48.727459,9.321207
Oberesslingen Wehr UP,NECKAR,48.721795,9.341293
Deizisau Schleuse UP,NECKAR,48.716533,9.381863
Plochingen,NECKAR,48.707434,9.41919
ROTTERDAM,NEUE_MAAS,,
NEUHAUS OP,NSK,52.266423,14.290528
NEUHAUS UP,NSK,52.265775,14.290377
NIEGRIPP BP,NVK,52.248742,11.74188
AWK STROHBRÜCK,NOK,54.334833,9.967772
NOK BRUNSBÜTTEL,NOK,53.898398,9.149863
NOK DÜKERSWISCH,NOK,54.04072,9.302243
NOK BREIHOLZ,NOK,54.200164,9.552319
NOK RENDSBURG,NOK,54.297692,9.693628
NOK KÖNIGSFÖRDE,NOK,54.356825,9.883253
NOK KIEL BINNEN,NOK,54.365693,10.13887
NOK KIEL AUSSEN,NOK,54.364856,10.144527
HELGOLAND BINNENHAFEN,NORDSEE,54.178894,7.889904
PELLWORM ANLEGER,NORDSEE,54.500919,8.702016
WITTDÜN,NORDSEE,54.63176,8.383943
MINSENER OOG,NORDSEE,,
BORKUM FISCHERBALJE,NORDSEE,53.557436,6.747895
BORKUM SÜDSTRAND,NORDSEE,53.576854,6.661416
HELGOLAND SÜDHAFEN,NORDSEE,54.174972,7.894313
BÜSUM,NORDSEE,54.121761,8.859102
HUSUM,NORDSEE,54.472283,9.02477
DAGEBÜLL,NORDSEE,54.730507,8.686973
HÖRNUM,NORDSEE,54.758093,8.296035
LIST AUF SYLT,NORDSEE,55.016544,8.440409
EIDER-SPERRWERK AP,NORDSEE,54.265924,8.84213
NORDERNEY RIFFGAT,NORDSEE,53.696499,7.157759
LANGEOOG,NORDSEE,53.723233,7.501654
SPIEKEROOG,NORDSEE,53.749237,7.681935
ZEHNERLOCH,NORDSEE,53.955509,8.65823
MITTELGRUND,NORDSEE,53.942075,8.636197
SCHARHÖRN,NORDSEE,53.96704,8.462561
BAKE A,NORDSEE,53.984421,8.31514
BAKE Z,NORDSEE,54.013519,8.314602
BISCHOFSWERDER UP,OHW,52.892222,13.380958
BISCHOFSWERDER OP,OHW,52.892874,13.381069
ZEHDENICK UP,OHW,52.982008,13.333282
ZEHDENICK OP,OHW,52.983462,13.331205
BREDEREICHE UP,OHW,53.134798,13.241418
BREDEREICHE OP,OHW,53.138179,13.239359
FÜRSTENBERG UP,OHW,53.181645,13.146454
FÜRSTENBERG OP,OHW,53.181491,13.144575
WESENBERG UP,OHW,53.273913,12.989497
WESENBERG OP,OHW,53.274423,12.988763
VOßWINKEL OP,OHW,53.321344,13.032437
VOßWINKEL UP,OHW,53.32054,13.031542
RATZDORF,ODER,52.070536,14.752951
EISENHÜTTENSTADT,ODER,52.153171,14.687929
FRANKFURT1 (ODER),ODER,52.357806,14.551732
KIETZ,ODER,52.577595,14.630301
KIENITZ,ODER,52.680028,14.433642
HOHENSAATEN-FINOW,ODER,52.864738,14.141125
STÜTZKOW,ODER,52.983721,14.193352
SCHWEDT-ODERBRÜCKE,ODER,53.035576,14.311629
LOUNY,EGER,,
OHv km 1.467 (Blaues Wunder),OHV,52.750191,13.243549
OHV KM 3.014 (HOCHSPANNUNG),OHV,52.762438,13.236016
SACHSENHAUSEN OP,OrK,52.776444,13.242911
SACHSENHAUSEN UP,OrK,52.776368,13.242847
DALWIGKSTHAL,ORKE,51.150027,8.796302
TYNISTE,Orlice,,
BREMERVÖRDE UW,OSTE,53.484121,9.15478
HECHTHAUSEN,OSTE,53.640526,9.25277
ACHTHÖFENER FLETH SIEL,OSTE,53.701581,9.163393
NEUENSEER SCHLEUSENFLETH SIEL,OSTE,53.780687,9.130904
GEVERSDORF BRÜCKE,OSTE,53.801243,9.080458
OSTE-SPERRWERK BP,OSTE,53.820374,9.039877
OSTE-SPERRWERK AP,OSTE,53.820383,9.039725
BELUM PEGEL,OSTE,53.822765,9.037131
BELUM,OSTE,53.822765,9.037131
Prerow,OSTSEE,54.458995,12.57182
WARNEMÜNDE,OSTSEE,54.169731,12.103388
ALTHAGEN,OSTSEE,54.371757,12.41896
BARTH,OSTSEE,54.371221,12.723221
BARHÖFT,OSTSEE,54.434539,13.032221
STRALSUND,OSTSEE,54.305682,13.119015
STAHLBRODE,OSTSEE,54.234461,13.289714
NEUENDORF HAFEN,OSTSEE,54.524494,13.093555
KLOSTER,OSTSEE,54.584766,13.111362
WITTOWER FÄHRE,OSTSEE,54.557594,13.245135
LAUTERBACH,OSTSEE,54.341603,13.499696
SASSNITZ,OSTSEE,54.508293,13.636651
THIESSOW,OSTSEE,54.280667,13.709757
RUDEN,OSTSEE,54.204348,13.771906
GREIFSWALD OIE,OSTSEE,54.241313,13.907208
KOSEROW,OSTSEE,54.060378,14.000823
GREIFSWALD-WIECK,OSTSEE,54.097711,13.457153
FLENSBURG,OSTSEE,54.795057,9.433018
LANGBALLIGAU,OSTSEE,54.823267,9.654141
TIMMENDORF POEL,OSTSEE,53.991997,11.375642
WISMAR-BAUMHAUS,OSTSEE,53.898762,11.457918
HEILIGENHAFEN,OSTSEE,54.372959,11.005664
KIEL-HOLTENAU,OSTSEE,54.372087,10.15705
LT KIEL,OSTSEE,54.499589,10.273268
NEUSTADT,OSTSEE,54.096523,10.804988
MARIENLEUCHTE,OSTSEE,54.49663,11.238874
KAPPELN,OSTSEE,54.664384,9.937938
SCHLESWIG,OSTSEE,54.511432,9.569059
ECKERNFÖRDE,OSTSEE,54.474703,9.836007
PAREY EP,PVK,52.403847,11.976655
PAREY UP,PVK,52.403066,11.97905
AALBUDE,PEENE,53.847927,12.888042
DEMMIN,PEENE,53.916354,13.026563
JARMEN,PEENE,53.928752,13.342282
ANKLAM,PEENE,53.862755,13.704278
UETERSEN,PINNAU,53.678193,9.677084
PINNAU-SPERRWERK BP,PINNAU,53.671167,9.558759
BENESOV,Ploucnice,,
POTSDAM,PHv,52.399887,13.072071
KONSTANZ-RHEIN,RHEIN,47.667889,9.172858
Basel-Rheinhalle,RHEIN,47.559486,7.616666
RHEINWEILER,RHEIN,47.711059,7.529275
BREISACH,RHEIN,48.043211,7.57257
RUST,RHEIN,48.257469,7.682373
OTTENHEIM,RHEIN,48.384644,7.732657
KEHL-KRONENHOF,RHEIN,48.56332,7.807692
IFFEZHEIM,RHEIN,48.852149,8.116902
PLITTERSDORF,RHEIN,48.885967,8.135927
MAXAU,RHEIN,49.038977,8.305564
PHILIPPSBURG,RHEIN,49.255274,8.428827
SPEYER,RHEIN,49.323807,8.448705
MANNHEIM,RHEIN,49.48394,8.455165
WORMS,RHEIN,49.631837,8.377519
NIERSTEIN-OPPENHEIM,RHEIN,49.864981,8.352376
Bodenheim,RHEIN,49.93565,8.342776
MAINZ,RHEIN,50.003995,8.275319
OESTRICH,RHEIN,50.002866,8.030048
BINGEN,RHEIN,49.970342,7.899668
KAUB,RHEIN,50.085438,7.764962
SANKT GOAR,RHEIN,50.152557,7.712615
BOPPARD,RHEIN,50.232914,7.592132
BRAUBACH,RHEIN,50.270501,7.645667
KOBLENZ,RHEIN,50.35864,7.604741
Neuwied Stadt,RHEIN,50.424277,7.457453
ANDERNACH,RHEIN,50.44339,7.392056
OBERWINTER,RHEIN,50.61369,7.210222
BONN,RHEIN,50.736398,7.108045
KÖLN,RHEIN,50.936949,6.9633
DÜSSELDORF,RHEIN,51.225498,6.769891
DUISBURG-RUHRORT,RHEIN,51.455345,6.727927
WESEL,RHEIN,51.646143,6.60682
REES,RHEIN,51.756953,6.395692
EMMERICH,RHEIN,51.829252,6.245594
LOBITH,RHEIN,51.849827,6.112447
PANNERDENSE KOP,RHEIN,51.869724,6.040078
DUISBURG-MEIDERICH SCHLEUSE OW,RHK,51.451718,6.775962
DUISBURG-MEIDERICH SCHLEUSE UW,RHK,51.45237,6.779116
OBERHAUSEN SCHLEUSE UW,RHK,51.478972,6.815457
OBERHAUSEN SCHLEUSE OW,RHK,51.482137,6.821447
GELSENKIRCHEN SCHLEUSE UW,RHK,51.529792,7.053885
GELSENKIRCHEN SCHLEUSE OW,RHK,51.532228,7.059888
WANNE EICKEL SCHLEUSE UW,RHK,51.547248,7.158004
WANNE EICKEL SCHLEUSE OW,RHK,51.54816,7.165994
HERNE UW,RHK,51.603102,7.306141
HERNE OW,RHK,51.5646,7.245824
WOLFSBRUCH OP,RBG,53.182436,12.90535
WOLFSBRUCH UP,RBG,53.182159,12.902642
SCHLEUSE ROTHENSEE UP,RVK,52.220509,11.674397
MAGDEBURG-RO NWS,RVK,52.197037,11.687267
RUHRWEHR OW,RUHR,51.445923,6.757437
SCHLOSSBRÜCKE MÜLHEIM,RUHR,51.426761,6.875965
Hattingen,RUHR,51.39975,7.161034
RUTHENSTROM-SPERRWERK,RuS,53.71996,9.419407
WOLTERSDORF UP,RÜG,52.44177,13.764182
WOLTERSDORF OP,RÜG,52.443323,13.764874
GROSS ROSENBURG,SAALE,51.917114,11.874009
CALBE GRIZEHNE,SAALE,51.916412,11.812214
CALBE UP,SAALE,51.906279,11.788819
CALBE OP,SAALE,51.901075,11.788712
NIENBURG (Saale),SAALE,51.839183,11.772201
BERNBURG UP,SAALE,51.796793,11.735423
BERNBURG OP,SAALE,51.795845,11.733834
ALSLEBEN UP,SAALE,51.707552,11.677369
ALSLEBEN OP,SAALE,51.70638,11.679214
ROTHENBURG UP,SAALE,51.655297,11.751276
ROTHENBURG OP,SAALE,51.653861,11.752179
WETTIN UP,SAALE,51.582342,11.792978
WETTIN OP,SAALE,51.582607,11.795328
TROTHA UP,SAALE,51.514252,11.954553
TROTHA OP,SAALE,51.513686,11.954885
RÖPZIG,SAALE,51.435071,11.944652
RISCHMÜHLE UP,SAALE,51.350595,12.003389
RISCHMÜHLE OP,SAALE,51.350199,12.002255
Kanzem UP,SAAR,,
Kanzem OP,SAAR,,
Schoden SKA,SAAR,49.63852,6.574561
Schoden OP,SAAR,,
Schoden UP,SAAR,49.639524,6.573535
Serrig UP,SAAR,49.565452,6.589894
Serrig OP,SAAR,,
Mettlach UP,SAAR,49.491992,6.587414
Mettlach OP,SAAR,,
Fremersdorf,SAAR,49.408935,6.648424
Rehlingen UP,SAAR,49.376259,6.699107
Rehlingen OP,SAAR,,
Lisdorf UP,SAAR,49.298685,6.764638
Lisdorf OP,SAAR,,
Saarbrücken UP,SAAR,,
Saarbrücken OP,SAAR,,
Westspange,SAAR,49.23661,6.980389
Sankt Arnual,SAAR,49.214872,7.022665
Güdingen UP,SAAR,,
Güdingen OP,SAAR,,
Hanweiler,SAAR,49.114328,7.065613
SCHWEDT SCHLEUSE AP,SQF,53.070168,14.323424
SCHWINGE-SPERRWERK,Schwinge,53.624852,9.514316
BERLIN-CHARLOTTENBURG UP,SOW,52.530037,13.282545
BERLIN-CHARLOTTENBURG OP,SOW,52.531423,13.292224
BERLIN-MÜHLENDAMM UP,SOW,52.514897,13.40869
BERLIN-MÜHLENDAMM OP,SOW,52.51446,13.41146
BERLIN-KÖPENICK,SOW,52.42969,13.573986
WERNSDORF UP,SOW,52.372628,13.707554
WERNSDORF OP,SOW,52.371176,13.711208
FÜRSTENWALDE UP,SOW,52.354132,14.065137
FÜRSTENWALDE OP,SOW,52.35426,14.066528
KERSDORF UP,SOW,52.305107,14.239081
KERSDORF OP,SOW,52.304576,14.241758
EISENHÜTTENSTADT SCHL. OP,SOW,52.132167,14.652209
EISENHÜTTENSTADT SCHL. UP,SOW,52.132134,14.656283
KUMMERSDORF UP,SKG,52.268776,13.8646
KUMMERSDORF OP,SKG,52.267397,13.866129
STORKOW UP,SKG,52.258404,13.931064
STORKOW OP,SKG,52.258571,13.933564
WENDISCH RIETZ UP,SKG,52.214286,14.002967
WENDISCH RIETZ OP,SKG,52.21419,14.00433
GRÖNHUDE,STÖR,53.935698,9.690579
BREITENBERG,STÖR,53.927679,9.632319
ITZEHOE HAFEN,STÖR,53.924459,9.500605
STÖR-SPERRWERK BP,STÖR,53.826148,9.4014
BANZKOW UP,STW,53.522837,11.521817
BANZKOW OP,STW,53.523758,11.520193
SCHWERIN WERDERBRÜCKE,STW,53.646392,11.427446
KLEINMACHNOW UP,TeK,52.395529,13.207976
KLEINMACHNOW OP,TeK,52.395689,13.209949
KANNENBURG OP,TlG,53.074625,13.392109
KANNENBURG UP,TlG,53.074459,13.39129
TEMPLIN OP,TlG,53.122503,13.495306
TEMPLIN UP,TlG,53.122249,13.494754
Herrendurchstich,TRAVE,,
LÜBECK-BAUHOF,TRAVE,53.893008,10.703065
TRAVEMÜNDE,TRAVE,53.958024,10.872182
FRIEDRICHSTADT TREENE,TREENE,54.373651,9.083813
KETZIN,UHW,52.463153,12.856784
BRANDENBURG OP,UHW,52.420872,12.580816
BRANDENBURG UP,UHW,52.423663,12.568843
PLAUE OP,UHW,52.402702,12.393022
PLAUE UP,UHW,52.402965,12.394772
TIECKOW,UHW,52.472729,12.447503
BAHNITZ OP,UHW,52.501356,12.418712
BAHNITZ UP,UHW,52.50076,12.415237
RATHENOW OP,UHW,52.60049,12.313837
RATHENOW UP,UHW,52.607445,12.321016
ALBERTSHEIM,UHW,52.655945,12.333711
GRÜTZ OP,UHW,52.667155,12.259671
GRÜTZ UP,UHW,52.666548,12.254618
WARNAU POLDER,UHW,52.740119,12.204582
GÜLPE OP,UHW,52.738531,12.221626
GARZ OP,UHW,52.745939,12.214897
GARZ UP,UHW,52.748612,12.212689
TRÜBENGRABEN POLDER,UHW,52.817574,12.097664
HAVELBERG STADT,UHW,52.823201,12.076562
HAVELBERG UP,UHW,52.830994,12.057095
HAVELBERG EP,UHW,52.833745,12.053033
QUITZÖBEL OP,UHW,52.880862,12.005425
QUITZÖBEL UP,UHW,52.880772,12.004058
NEUWERBEN EP,UHW,52.877357,12.008008
GNEVSDORF OP,UHW,52.907606,11.887245
GNEVSDORF EP,UHW,52.907993,11.88597
HOHENSAATEN OST AP,VKH,52.874433,14.150973
VRANANY,MOLDAU,,
NIJMEGEN HAVEN,WAAL,51.852455,5.850674
TIEL,WAAL,51.900532,5.455684
ZALTBOMMEL,WAAL,,
VUREN,WAAL,,
ROSTOCK MÜHLENDAMM OW,WARNOW,54.082438,12.154273
ROSTOCK MÜHLENDAMM UW,WARNOW,54.083064,12.155109
MARIENTHAL OP,WtG,53.051363,13.292742
MARIENTHAL UP,WtG,53.051253,13.293603
EICHHORST OP,WbG,52.891138,13.639019
EICHHORST UP,WbG,52.891424,13.638876
LETZTER HELLER,WERRA,51.415651,9.678081
ALLENDORF,WERRA,51.276767,9.966471
HELDRA,WERRA,51.125008,10.196998
FRIEDRICHSFELD SCHLEUSE UW,WDK,51.629017,6.613936
FRIEDRICHSFELD SCHLEUSE OW,WDK,51.627231,6.623105
HÜNXE SCHLEUSE UW,WDK,51.648299,6.769074
HÜNXE SCHLEUSE OW,WDK,51.648569,6.780465
DORSTEN SCHLEUSE UW,WDK,51.663001,6.998495
DORSTEN SCHLEUSE OW,WDK,51.662803,7.010732
FLAESHEIM SCHLEUSE UW,WDK,51.720382,7.238069
FLAESHEIM SCHLEUSE OW,WDK,51.71662,7.246876
AHSEN SCHLEUSE UW,WDK,51.689015,7.321517
AHSEN SCHLEUSE OW,WDK,51.686979,7.325449
DATTELN SCHLEUSE UW,WDK,51.671378,7.353662
DATTELN SCHLEUSE OW,WDK,51.662988,7.364979
LT ALTE WESER (RADAR),WESER,,
GROSSE WESERBRÜCKE,WESER,53.073097,8.803636
HANN.MUENDEN,WESER,51.425789,9.640917
STROHAUSER PLATE OST,WESER,,
OSLEBSHAUSEN,WESER,53.119797,8.712215
VEGESACK,WESER,53.169406,8.619533
FARGE,WESER,53.204709,8.510193
ELSFLETH,WESER,53.263946,8.481417
WAHMBECK,WESER,51.625616,9.519728
BRAKE,WESER,53.315979,8.486546
KARLSHAFEN,WESER,51.647986,9.438681
RECHTENFLETH,WESER,53.381162,8.500554
NORDENHAM,WESER,53.464497,8.488052
BLEXEN ABZ,WESER,53.51758,8.537412
BHV ALTER LEUCHTTURM,WESER,53.544956,8.568175
HÖXTER,WESER,51.775801,9.40047
ROBBENSÜDSTEERT,WESER,53.639224,8.445202
DWARSGAT,WESER,53.718636,8.307616
BODENWERDER,WESER,51.973727,9.515736
LEUCHTTURM ALTE WESER,WESER,53.863269,8.127572
HAMELN WEHRBERGEN,WESER,52.123731,9.306544
RINTELN,WESER,52.189747,9.081705
VLOTHO,WESER,52.176396,8.862407
PORTA,WESER,52.248709,8.922041
PETERSHAGEN,WESER,52.382338,8.970778
STOLZENAU,WESER,52.51825,9.077735
LIEBENAU,WESER,52.594206,9.112772
NIENBURG,WESER,52.644153,9.204659
DRAKENBURG,WESER,52.693099,9.225581
HOYA,WESER,52.800984,9.146924
DÖRVERDEN,WESER,52.852272,9.210322
INTSCHEDE,WESER,52.964169,9.125799
DREYE,WESER,53.014359,8.891252
WESERWEHR OW,WESER,53.058583,8.869127
WESERWEHR UW,WESER,53.060246,8.854803
GARTZ,WOD,53.206332,14.394265
MESCHERIN,WOD,53.250879,14.436433
DORNBUSCH BRÜCKE,WSE,53.737776,9.348017
WISCHHAFEN SPERRWERK,WSE,53.785178,9.340786
BORGFELD,WÜMME,53.133971,8.894403
NIEDERBLOCKLAND,WÜMME,53.161504,8.826505
